"Qty";"Value";"Device";"Package";"Parts";"Description";"AVAILABILITY";"CHECK_PRICES";"COPYRIGHT";"DATASHEET";"DESCRIPTION";"MANUFACTURER";"MANUFACTURER_NAME";"MANUFACTURER_PART_NUMBER";"MF";"MP";"MPN";"OC_FARNELL";"OC_NEWARK";"PACKAGE";"PARTREV";"POPULARITY";"PRICE";"REFDES";"SNAPEDA_LINK";"SPICEMODEL";"SPICEPREFIX";"SPICEPREFIXL";"STANDARD";"TP_SIGNAL_NAME";"TYPE";
"2";"";"2N2222-NPN-TO92-EBC";"TO92-EBC";"T2, T3";"NPN Transistror";"";"";"";"";"";"";"";"";"";"";"";"";"";"";"";"0";"";"";"";"";"";"";"";"";"";
"1";"1.8k";"R-EU_R0603";"R0603";"R10";"RESISTOR, European symbol";"";"";"";"";"";"";"";"";"";"";"";"";"";"";"";"70";"";"";"";"";"R";"";"";"";"";
"2";"100k";"R-EU_R0603";"R0603";"R1, R3";"RESISTOR, European symbol";"";"";"";"";"";"";"";"";"";"";"";"";"";"";"";"70";"";"";"";"";"R";"";"";"";"";
"6";"100n";"C-EUC0603";"C0603";"C1, C3, C11, C12, C13, C15";"CAPACITOR, European symbol";"";"";"";"";"";"";"";"";"";"";"";"";"";"";"";"73";"";"";"";"";"C";"";"";"";"";
"2";"100nF";"C-EUC0603";"C0603";"C5, C14";"CAPACITOR, European symbol";"";"";"";"";"";"";"";"";"";"";"";"";"";"";"";"73";"";"";"";"";"C";"";"";"";"";
"2";"100u";"CPOL-USC";"PANASONIC_C";"C2, C16";"POLARIZED CAPACITOR, American symbol";"";"";"";"";"";"";"";"";"";"";"";"";"";"";"";"5";"";"";"";"";"C";"";"";"";"";
"2";"10k";"R-EU_R0603";"R0603";"R5, R11";"RESISTOR, European symbol";"";"";"";"";"";"";"";"";"";"";"";"";"";"";"";"70";"";"";"";"";"R";"";"";"";"";
"1";"10k";"R-TRIMM3314G";"RTRIM3314G";"R7";"Trimm resistor";"";"";"";"";"";"";"";"";"";"";"";"";"";"";"";"0";"";"";"";"X";"";"POT";"";"";"";
"1";"10n";"C-EUC0603";"C0603";"C4";"CAPACITOR, European symbol";"";"";"";"";"";"";"";"";"";"";"";"";"";"";"";"73";"";"";"";"";"C";"";"";"";"";
"1";"10uF";"C-EUC0603";"C0603";"C10";"CAPACITOR, European symbol";"";"";"";"";"";"";"";"";"";"";"";"";"";"";"";"73";"";"";"";"";"C";"";"";"";"";
"4";"1k";"R-EU_R0603";"R0603";"R2, R4, R6, R16";"RESISTOR, European symbol";"";"";"";"";"";"";"";"";"";"";"";"";"";"";"";"70";"";"";"";"";"R";"";"";"";"";
"1";"1u";"C-EUC0603";"C0603";"C6";"CAPACITOR, European symbol";"";"";"";"";"";"";"";"";"";"";"";"";"";"";"";"73";"";"";"";"";"C";"";"";"";"";
"2";"1uF";"C-EUC0603";"C0603";"C8, C9";"CAPACITOR, European symbol";"";"";"";"";"";"";"";"";"";"";"";"";"";"";"";"73";"";"";"";"";"C";"";"";"";"";
"1";"22uF";"C-EUC0603";"C0603";"C7";"CAPACITOR, European symbol";"";"";"";"";"";"";"";"";"";"";"";"";"";"";"";"73";"";"";"";"";"C";"";"";"";"";
"1";"3.3k";"R-EU_R0603";"R0603";"R9";"RESISTOR, European symbol";"";"";"";"";"";"";"";"";"";"";"";"";"";"";"";"70";"";"";"";"";"R";"";"";"";"";
"1";"330";"R-EU_R0603";"R0603";"R17";"RESISTOR, European symbol";"";"";"";"";"";"";"";"";"";"";"";"";"";"";"";"70";"";"";"";"";"R";"";"";"";"";
"2";"4.7k";"R-EU_R0603";"R0603";"R8, R15";"RESISTOR, European symbol";"";"";"";"";"";"";"";"";"";"";"";"";"";"";"";"70";"";"";"";"";"R";"";"";"";"";
"2";"470";"R-EU_R0603";"R0603";"R12, R13";"RESISTOR, European symbol";"";"";"";"";"";"";"";"";"";"";"";"";"";"";"";"70";"";"";"";"";"R";"";"";"";"";
"1";"470k";"R-EU_R0603";"R0603";"R14";"RESISTOR, European symbol";"";"";"";"";"";"";"";"";"";"";"";"";"";"";"";"70";"";"";"";"";"R";"";"";"";"";
"1";"ACS758LCB-050B-PFF-T";"ACS758LCB-050B-PFF-T";"XDCR_ACS758LCB-050B-PFF-T";"U4";"Check availability";"In Stock";"https://www.snapeda.com/parts/ACS758LCB-050B-PFF-T/Allegro/view-part/?ref=eda";"";"";"                                                      Current Sensor 50A 1 Channel Hall Effect, Open Loop Bidirectional 5-CB Formed Leads, PFF                                              ";"";"";"";"Allegro MicroSystems LLC";"ACS758LCB-050B-PFF-T";"";"";"";"5-CB-5 Allegro MicroSystems LLC";"";"";"None";"";"https://www.snapeda.com/parts/ACS758LCB-050B-PFF-T/Allegro/view-part/?ref=snap";"";"";"";"";"";"";
"6";"BAT54";"BAT54";"SOT23";"D1, D2, D3, D4, D5, D6";"Schottky Diodes";"";"";"";"";"";"";"";"";"";"";"";"";"";"";"";"2";"";"";"";"";"";"";"";"";"";
"2";"BS170";"BS170";"SOT54E";"Q1, Q2";"N-CHANNEL MOS FET";"";"";"";"";"";"";"";"";"";"";"";"";"";"";"";"5";"";"";"";"";"";"";"";"";"";
"1";"ESP32-C6-DEVKITC-1-N8";"ESP32-C6-DEVKITC-1-N8";"MODULE_ESP32-C6-DEVKITC-1-N8";"U5";"";"";"";"";"";"";"Espressif Systems";"";"";"";"";"";"";"";"";"1.3";"";"";"";"";"";"";"";"Manufacturer Recommendations";"";"";
"1";"FLOW";"AK500/3";"AK500/3";"J4";"CONNECTOR";"";"";"";"";"";"";"";"";"";"";"";"unknown";"unknown";"";"";"3";"";"";"";"";"";"";"";"";"";
"2";"GREEN";"LEDCHIPLED_0603";"CHIPLED_0603";"LED_3V3, LED_5V";"LED";"";"";"";"";"";"";"";"";"";"";"";"";"";"";"";"28";"";"";"";"";"";"";"";"";"";
"1";"HLK-10M05";"HLK-10M05";"CONV_HLK-10M05";"U2";"Check availability";"Not in stock";"https://www.snapeda.com/parts/HLK-10M05/Hi-link/view-part/?ref=eda";"";"";"                                                      10W Ultra-Compact Power Module                                              ";"";"";"";"Hi-link";"HLK-10M05";"";"";"";"Package ";"";"";"None";"";"https://www.snapeda.com/parts/HLK-10M05/Hi-link/view-part/?ref=snap";"";"";"";"";"";"";
"1";"J_AC_IN";"AK500/2";"AK500/2";"J14";"CONNECTOR";"";"";"";"";"";"";"";"";"";"";"";"unknown";"unknown";"";"";"14";"";"";"";"";"";"";"";"";"";
"1";"J_MODEM";"FE07-1";"FE07";"J2";"FEMALE HEADER";"";"";"";"";"";"";"";"";"";"";"";"unknown";"unknown";"";"";"3";"";"";"";"";"";"";"";"";"";
"1";"J_MODEM_AC";"MA03-1";"MA03-1";"J1";"PIN HEADER";"";"";"";"";"";"";"";"";"";"";"";"unknown";"unknown";"";"";"48";"";"";"";"";"";"";"";"";"";
"1";"LM393N";"LM393N";"DIL08";"U6";"COMPARATOR";"";"";"";"";"";"";"";"";"";"";"";"";"";"";"";"2";"";"";"";"";"";"";"";"";"";
"3";"MOUNT-HOLE3.2";"MOUNT-HOLE3.2";"3,2";"H1, H2, H3";"MOUNTING HOLE with drill center marker";"";"";"";"";"";"";"";"";"";"";"";"";"";"";"";"7";"";"";"";"";"";"";"";"";"";
"1";"NTC";"AK500/2";"AK500/2";"J3";"CONNECTOR";"";"";"";"";"";"";"";"";"";"";"";"unknown";"unknown";"";"";"14";"";"";"";"";"";"";"";"";"";
"1";"PTR1TP15R";"PTR1TP15R";"TP15R";"GND";"TEST PIN";"";"";"";"";"";"";"";"";"";"";"";"";"";"";"";"0";"";"";"";"";"";"";"";"";"";
"2";"SN74LV1T34DBVR";"SN74LV1T34DBVR";"DBV0005A_N";"U1, U3";"";"";"";"Copyright (C) 2026 Ultra Librarian. All rights reserved.";"https://www.ti.com/lit/gpn/sn74lv1t34";"Single Power Supply BUFFER Logic Level Shifter (no enable) 5-SOT-23 -40 to 125";"";"Texas Instruments";"SN74LV1T34DBVR";"";"";"";"";"";"";"";"";"";"RefDes";"";"";"";"";"";"";"TYPE";
"1";"SSR_AC_EXE";"AK500/2";"AK500/2";"J11";"CONNECTOR";"";"";"";"";"";"";"";"";"";"";"";"unknown";"unknown";"";"";"14";"";"";"";"";"";"";"";"";"";
"1";"SSR_AC_INT";"AK500/2";"AK500/2";"J9";"CONNECTOR";"";"";"";"";"";"";"";"";"";"";"";"unknown";"unknown";"";"";"14";"";"";"";"";"";"";"";"";"";
"1";"SSR_DC_EXE";"AK500/2";"AK500/2";"J10";"CONNECTOR";"";"";"";"";"";"";"";"";"";"";"";"unknown";"unknown";"";"";"14";"";"";"";"";"";"";"";"";"";
"1";"SSR_DC_INT";"AK500/2";"AK500/2";"J8";"CONNECTOR";"";"";"";"";"";"";"";"";"";"";"";"unknown";"unknown";"";"";"14";"";"";"";"";"";"";"";"";"";
"1";"TEMP_A";"AK500/3";"AK500/3";"J5";"CONNECTOR";"";"";"";"";"";"";"";"";"";"";"";"unknown";"unknown";"";"";"3";"";"";"";"";"";"";"";"";"";
"1";"TEMP_B";"AK500/3";"AK500/3";"J6";"CONNECTOR";"";"";"";"";"";"";"";"";"";"";"";"unknown";"unknown";"";"";"3";"";"";"";"";"";"";"";"";"";
"1";"TEMP_C";"AK500/3";"AK500/3";"J7";"CONNECTOR";"";"";"";"";"";"";"";"";"";"";"";"unknown";"unknown";"";"";"3";"";"";"";"";"";"";"";"";"";
"2";"TPB2,54";"TPB2,54";"B2,54";"+5V, 3V3";"Test pad";"";"";"";"";"";"";"";"";"";"";"";"";"";"";"";"3";"";"";"";"";"";"";"";"";"";
